{
  "total_profit_eth": 127119.03684918057,
  "final_balance_eth": 127219.03684917798,
  "final_solvency_ratio": 55.78780484084757,
  "pool_survived": true,
  "total_days": 180,
  "breakdown_event": null
}