{
  "total_profit_eth": 4176.886645047395,
  "final_balance_eth": 4276.8866450473,
  "final_solvency_ratio": 3.358346655785073,
  "claim_approval_rate": 0.8717131103804923,
  "pool_survived": false,
  "total_days": 180
}